{
    "mean_entrance": 9.208333333333334,
    "std_entrance": 0.7150286011440459,
    "mean_exit": 17.416666666666668,
    "std_exit": 0.8856604264170569,
    "expected_meetings": 3,
    "mean_meetings": 3.1666666666666665,
    "std_meetings": 1.2801909579781012,
    "ratio_man": 0.4166666666666667,
    "ratio_vrouw": 0.5833333333333333,
    "expected_toilet": 3,
    "mean_toilet": 3.6666666666666665,
    "std_toilet": 1.0274023338281628,
    "expected_coffee_machine": 3,
    "mean_coffee_machine": 3.4166666666666665,
    "std_coffee_machine": 0.9537935951882998,
    "expected_printer": 0,
    "mean_printer": 0.4166666666666667,
    "std_printer": 0.6400954789890506,
    "expected_breaks": 3.0,
    "mean_breaks": NaN,
    "std_breaks": NaN,
    "expected_lunchroom": 1,
    "mean_lunchroom": 1.5,
    "std_lunchroom": 1.118033988749895,
    "dist_meetings": [
        0.003472222222222222,
        0.003472222222222222,
        0.003472222222222222,
        0.003472222222222222,
        0.003472222222222222,
        0.003472222222222222,
        0.003472222222222222,
        0.003472222222222222,
        0.003472222222222222,
        0.003472222222222222,
        0.003472222222222222,
        0.003472222222222222,
        0.003472222222222222,
        0.003472222222222222,
        0.003472222222222222,
        0.003472222222222222,
        0.003472222222222222,
        0.003472222222222222,
        0.003472222222222222,
        0.003472222222222222,
        0.003472222222222222,
        0.003472222222222222,
        0.003472222222222222,
        0.003472222222222222,
        0.003472222222222222,
        0.003472222222222222,
        0.003472222222222222,
        0.003472222222222222,
        0.003472222222222222,
        0.003472222222222222,
        0.003472222222222222,
        0.003472222222222222,
        0.013888888888888888,
        0.013888888888888888,
        0.013888888888888888,
        0.013888888888888888,
        0.034722222222222224,
        0.034722222222222224,
        0.034722222222222224,
        0.034722222222222224,
        0.03125,
        0.03125,
        0.03125,
        0.03125,
        0.006944444444444444,
        0.006944444444444444,
        0.006944444444444444,
        0.006944444444444444,
        0.024305555555555556,
        0.024305555555555556,
        0.024305555555555556,
        0.024305555555555556,
        0.03125,
        0.03125,
        0.03125,
        0.03125,
        0.03125,
        0.03125,
        0.03125,
        0.03125,
        0.020833333333333332,
        0.020833333333333332,
        0.020833333333333332,
        0.020833333333333332,
        0.003472222222222222,
        0.003472222222222222,
        0.003472222222222222,
        0.003472222222222222,
        0.003472222222222222,
        0.003472222222222222,
        0.003472222222222222,
        0.003472222222222222,
        0.003472222222222222,
        0.003472222222222222,
        0.003472222222222222,
        0.003472222222222222,
        0.003472222222222222,
        0.003472222222222222,
        0.003472222222222222,
        0.003472222222222222,
        0.003472222222222222,
        0.003472222222222222,
        0.003472222222222222,
        0.003472222222222222,
        0.003472222222222222,
        0.003472222222222222,
        0.003472222222222222,
        0.003472222222222222,
        0.003472222222222222,
        0.003472222222222222,
        0.003472222222222222,
        0.003472222222222222,
        0.003472222222222222,
        0.003472222222222222,
        0.003472222222222222,
        0.003472222222222222
    ],
    "dist_toilet": [
        0.003424657534246575,
        0.003424657534246575,
        0.003424657534246575,
        0.003424657534246575,
        0.003424657534246575,
        0.003424657534246575,
        0.003424657534246575,
        0.003424657534246575,
        0.003424657534246575,
        0.003424657534246575,
        0.003424657534246575,
        0.003424657534246575,
        0.003424657534246575,
        0.003424657534246575,
        0.003424657534246575,
        0.003424657534246575,
        0.003424657534246575,
        0.003424657534246575,
        0.003424657534246575,
        0.003424657534246575,
        0.003424657534246575,
        0.003424657534246575,
        0.003424657534246575,
        0.003424657534246575,
        0.003424657534246575,
        0.003424657534246575,
        0.003424657534246575,
        0.003424657534246575,
        0.00684931506849315,
        0.00684931506849315,
        0.00684931506849315,
        0.00684931506849315,
        0.010273972602739725,
        0.010273972602739725,
        0.010273972602739725,
        0.010273972602739725,
        0.03424657534246575,
        0.03424657534246575,
        0.03424657534246575,
        0.03424657534246575,
        0.017123287671232876,
        0.017123287671232876,
        0.017123287671232876,
        0.017123287671232876,
        0.0273972602739726,
        0.0273972602739726,
        0.0273972602739726,
        0.0273972602739726,
        0.017123287671232876,
        0.017123287671232876,
        0.017123287671232876,
        0.017123287671232876,
        0.023972602739726026,
        0.023972602739726026,
        0.023972602739726026,
        0.023972602739726026,
        0.0273972602739726,
        0.0273972602739726,
        0.0273972602739726,
        0.0273972602739726,
        0.023972602739726026,
        0.023972602739726026,
        0.023972602739726026,
        0.023972602739726026,
        0.00684931506849315,
        0.00684931506849315,
        0.00684931506849315,
        0.00684931506849315,
        0.010273972602739725,
        0.010273972602739725,
        0.010273972602739725,
        0.010273972602739725,
        0.003424657534246575,
        0.003424657534246575,
        0.003424657534246575,
        0.003424657534246575,
        0.003424657534246575,
        0.003424657534246575,
        0.003424657534246575,
        0.003424657534246575,
        0.003424657534246575,
        0.003424657534246575,
        0.003424657534246575,
        0.003424657534246575,
        0.003424657534246575,
        0.003424657534246575,
        0.003424657534246575,
        0.003424657534246575,
        0.003424657534246575,
        0.003424657534246575,
        0.003424657534246575,
        0.003424657534246575,
        0.003424657534246575,
        0.003424657534246575,
        0.003424657534246575,
        0.003424657534246575
    ],